StudentID,What is your class year? ,Choose your first choice,Choose your second choice,Choose your third choice,Choose your fourth choice,Please specify any additional components,Please specify any additional components.1,Please specify any additional components.2,Please specify any additional components.3
Student 1,Class of 2027,,CHEM32_Course,BIOL37_Course,MATH34_Course,,BIOL37_Lab,CHEM32_Lab,
Student 2,Class of 2025,BIOL37_Course,CHEM32_Course,PSYC031A_Course,,BIOL37_Lab,CHEM32_Lab,,
Student 3,Class of 2027,ENGR11_Course,MATH44_Course,CHEM10_Course,ENGL20_Course,CHEM10_Lab,ENGR11_Lab,ENGR11_Lab,
Student 4,Class of 2027,PHYS7_Course,ASTR16_Course,MATH65_Course,,ASTR16_Lab,PHYS7_Lab,,
Student 5,Class of 2026,PHYS107_Course,PHYS112_Course,MATH63_Course,,,,,
Student 6,Class of 2025,CPSC66_Course,CPSC41_Course,CPSC091T_Course,ENVS15_Course,,,,
Student 7,Class of 2025,ANTH122_Seminar,SOCI048L_Course,CPSC21_Course,JPNS12_Course,CPSC21_Lab,CPSC21_Lab,,
Student 8,Class of 2026,ARAB11_Course,ARAB21_Course,DANC025A_Course,HIST116B_Seminar,,,,
Student 9,Class of 2025,MATH102_Seminar,PHYS112_Course,RELG114_Seminar,,,,,
Student 10,Class of 2025,CPSC091S_Course,ECON13_Course,LING40_Course,,CPSC091S_Lab,,,
Student 11,Class of 2025,ENGR65_Course,ENGR76_Course,ANCH42_Course,CLST30_Course,,,,
Student 12,Class of 2027,ENGR11_Course,ENGR59_Course,MATH34_Course,,ENGR11_Lab,ENGR59_Lab,,
Student 13,Class of 2027,ECON11_Course,ECON46_Course,PHIL79_Course,CPSC31_Course,CPSC31_Lab,,,
Student 14,Class of 2027,CHEM32_Course,CPSC21_Course,MATH25_Course,ECON1_Course,CHEM32_Lab,CPSC21_Lab,,
Student 15,Class of 2027,ECON11_Course,ECON35_Course,ECON33_Course,,,,,
Student 16,Class of 2025,CPSC091R_Course,EDUC21_Course,EDUC53_Course,SOCI036F_Course,CPSC091R_Lab,,,
Student 17,Class of 2027,CHEM32_Course,BIOL49_Course,MATH27_Course,PHIL101A_Seminar,CHEM32_Lab,,,
Student 18,Class of 2026,RELG114_Seminar,ECON31_Course,,,,,,
Student 19,Class of 2026,MATH63_Course,ECON122_Seminar,ECON122_Seminar,,,,,
Student 20,Class of 2025,,,PHIL012A_Course,,,,,
Student 21,Class of 2026,POLS59_Course,ECON11_Course,,,,,,
Student 22,Class of 2027,MATH63_Course,MATH65_Course,CPSC41_Course,CLST23_Course,,CPSC41_Lab,,
Student 23,Class of 2027,CHEM32_Course,MATH34_Course,PHYS3_Course,,CHEM32_Lab,PHYS3_Lab,,
Student 24,Class of 2027,CHEM10_Course,BIOL37_Course,PHYS3_Course,ENGL070S_Course,CHEM10_Lab,BIOL37_Lab,PHYS003L_Lab,
Student 25,Class of 2026,CHEM32_Course,BIOL14_Course,BIOL49_Course,,CHEM32_Lab,BIOL14_Lab,,
Student 26,Class of 2025,ENGL80_Course,ENGL36_Course,,,,,,
Student 27,Class of 2027,BLST67_Course,CPSC41_Course,HIST29_Course,MATH39_Course,CPSC41_Lab,,,
Student 28,Class of 2025,ECON35_Course,POLS12_Course,ECON84_Course,SPAN108_Seminar,,,,
Student 29,Class of 2027,ECON11_Course,PSYC130_Seminar,,,,,,
Student 30,Class of 2026,PSYC37_Course,PSYC39_Course,,,,,,
Student 31,Class of 2026,CPSC31_Course,ECON33_Course,PSYC18_Course,PSYC34_Course,CPSC31_Lab,,,
Student 32,Class of 2025,CPSC82_Course,SPAN88_Course,,,,,,
Student 33,Class of 2026,FMST1_Course,FMST82_Seminar,SPAN1_Course,,,,,
Student 34,Class of 2025,BIOL115E_Seminar,MATH63_Course,,,,,,
Student 35,Class of 2027,ECON11_Course,ECON11_Course,ECON35_Course,MATH39_Course,,,,
Student 36,Class of 2027,MUSI003A_Course,ENGR59_Course,PHYS3_Course,MUSI11_Course,ENGR59_Lab,PHYS3_Lab,,
Student 37,Class of 2026,BIOL1_Course,CPSC41_Course,MATH39_Course,,BIOL1_Lab,CPSC41_Lab,,
Student 38,Class of 2025,ENGL36_Course,ENGL20_Course,ENGL28_Course,,,,,
Student 39,Class of 2027,CPSC66_Course,CPSC41_Course,MUSI001A_Course,,CPSC66_Lab,ENGR41_Lab,,
Student 40,Class of 2027,CHEM32_Course,BIOL1_Course,,,BIOL1_Lab,CHEM32_Lab,,
Student 41,Class of 2027,ENGR11_Course,BIOL1_Course,MATH27_Course,ENGR59_Course,BIOL1_Lab,ENGR11_Lab,ENGR11_Lab,ENGR59_Lab
Student 42,Class of 2027,,ENVS15_Course,PSYC39_Course,BIOL1_Course,BIOL1_Lab,,,
Student 43,Class of 2027,CHEM32_Course,MATH15_Course,PHYS003L_Course,LING15_Course,CHEM32_Lab,PHYS003L_Lab,,
Student 44,Class of 2025,HIST91_Seminar,HIST116B_Seminar,,,,,,
Student 45,Class of 2027,LING11_Course,ENGR11_Course,MATH25_Course,,ENGR11_Lab,,,
Student 46,Class of 2025,POLS103_Seminar,ANCH42_Course,,,,,,
Student 47,Class of 2025,STAT61_Course,MATH63_Course,LING100_Seminar,PSYC38_Course,,,,
Student 48,Class of 2026,ENGR41_Course,ENGR59_Course,CHEM10_Course,ENGL101_Seminar,ENGR41_Lab,ENGR59_Lab,CHEM10_Lab,
Student 49,Class of 2026,ENGL80_Course,ENGL052B_Course,LING11_Course,SPAN3_Course,,,,
Student 50,Class of 2026,CHEM48_Course,ENGL052B_Course,PSYC1_Course,,,,,
Student 51,Class of 2025,PHIL116A_Seminar,PHIL101A_Seminar,LING52_Course,ENGL80_Course,,,,
Student 52,Class of 2026,STAT21_Course,MATH44_Course,,,,,,
Student 53,Class of 2025,STAT21_Course,,,ARTH10_Course,,,,
Student 54,Class of 2027,ECON11_Course,CHIN11_Course,,,,,,
Student 55,Class of 2027,PHYS7_Course,MATH34_Course,PHYS5_Course,,PHYS7_Lab,,,
Student 56,Class of 2025,ENGR41_Course,ENGR59_Course,CHEM10_Course,,CHEM10_Lab,ENGR41_Lab,ENGR59_Lab,
Student 57,Class of 2025,MATH63_Course,MATH66_Course,MATH66_Course,,,,,
Student 58,Class of 2027,CPSC31_Course,MATH39_Course,STAT61_Course,,CPSC31_Lab,,,
Student 59,Class of 2025,CPSC66_Course,MATH66_Course,CPSC43_Course,STAT11_Course,CPSC66_Lab,CPSC43_Lab,,
Student 60,Class of 2027,BLST15_Course,SOCI048L_Course,STAT11_Course,,,,,
Student 61,Class of 2026,,MATH66_Course,CHEM32_Course,,,CHEM32_Lab,,
Student 62,Class of 2026,POLS103_Seminar,POLS38_Course,,,,,,
Student 63,Class of 2026,ENGR41_Course,ENGR59_Course,,,ENGR41_Lab,ENGR59_Lab,,
Student 64,Class of 2025,CPSC66_Course,PEAC53_Course,CPSC43_Course,,CPSC66_Lab,CPSC43_Lab,,
Student 65,Class of 2027,,MATH15_Course,,,,,,
Student 66,Class of 2025,ENGL55_Course,PHYS001C_Course,SOAN020B_Course,ENGL80_Course,,,,
Student 67,Class of 2027,ENGR11_Course,FMST1_Course,LING11_Course,MATH34_Course,ENGR11_Lab,,,
Student 68,Class of 2025,CHEM56_Course,CLST30_Course,,,,,,
Student 69,Class of 2027,ENGL052B_Course,HIST29_Course,LING1_Course,ASTR1_Course,ASTR1_Lab,,,
Student 70,Class of 2025,ENGR59_Course,ENGR41_Course,LING45_Course,PSYC1_Course,ENGR59_Lab,ENGR41_Lab,,
Student 71,Class of 2026,,BIOL14_Course,,,,BIOL14_Lab,,
Student 72,Class of 2026,CPSC66_Course,ENGR28_Course,MATH63_Course,,CPSC66_Lab,,,
Student 73,Class of 2025,ENGR28_Course,CHEM10_Course,,,,CHEM10_Lab,,
Student 74,Class of 2027,CHEM32_Course,STAT21_Course,,ARTT005A_Course,CHEM32_Lab,,,
Student 75,Class of 2027,SOCI025C_Course,PSYC18_Course,EDUC21_Course,ANTH043E_Course,,,,
Student 76,Class of 2025,FMST46_Course,,MUSI003A_Course,,,,,
Student 77,Class of 2027,BIOL37_Course,BIOL1_Course,,,BIOL1_Lab,BIOL37_Lab,,
Student 78,Class of 2025,FREN44_Course,HIST91_Seminar,STAT21_Course,,,,,
Student 79,Class of 2027,PSYC031A_Course,MATH25_Course,PSYC39_Course,LING1_Course,CPSC35_Lab,,,
Student 80,Class of 2027,FMST15_Course,ENGL92_Course,MATH15_Course,ECON31_Course,,,,
Student 81,Class of 2025,FMST11_Course,FMST46_Course,FMST82_Seminar,,PHYS82_Lab,,,
Student 82,Class of 2025,CPSC41_Course,STAT61_Course,CPSC43_Course,CPSC091R_Course,CPSC41_Lab,CPSC091R_Lab,,
Student 83,Class of 2026,BIOL37_Course,BIOL36_Course,,,BIOL36_Lab,BIOL37_Lab,,
Student 84,Class of 2026,CHEM32_Course,PHYS3_Course,PSYC031A_Course,ECON31_Course,CHEM32_Lab,PHYS003L_Lab,,
Student 85,Class of 2026,PHIL52_Course,POLS82_Course,CPSC21_Course,ECON31_Course,CPSC21_Lab,,,
Student 86,Class of 2027,CPSC35_Course,PSYC25_Course,PSYC34_Course,ANTH043E_Course,,,,
Student 87,Class of 2025,BIOL36_Course,ANTH043E_Course,,,BIOL36_Lab,,,
Student 88,Class of 2027,ENGR11_Course,ENGR21_Course,MATH44_Course,,ENGR11_Lab,ENGR21_Lab,,
Student 89,Class of 2026,ENGL90_Course,RELG10_Course,ENVS51_Course,ENVS25_Course,,,,
Student 90,Class of 2025,PHIL101A_Seminar,PHIL101B_Seminar,ECON155_Seminar,,,,,
Student 91,Class of 2027,CHEM32_Course,PHYS003L_Course,,,CHEM32_Lab,PHYS003L_Lab,,
Student 92,Class of 2026,ENVS15_Course,CHEM48_Course,,ECON1_Course,CHEM58_Lab,,,
Student 93,Class of 2027,ENGR11_Course,MATH44_Course,CHEM10_Course,SPAN1_Course,ENGR11_Lab,CHEM10_Lab,,
Student 94,Class of 2025,BIOL20_Course,PSYC130_Seminar,ANTH043E_Course,,,,,
Student 95,Class of 2026,,BIOL20_Course,,,BIOL20_Lab,,,
Student 96,Class of 2027,BIOL1_Course,CHEM32_Course,DANC50_Course,MUSI11_Course,BIOL1_Lab,CHEM32_Lab,,
Student 97,Class of 2027,ENGR41_Course,ENGR59_Course,EDUC21_Course,EDUC45_Course,ENGR41_Lab,ENGR59_Lab,,
Student 98,Class of 2026,PHYS107_Course,PHYS112_Course,FREN44_Course,MATH65_Course,,,,
Student 99,Class of 2027,CHEM32_Course,MATH15_Course,RUSS1_Course,CPSC21_Course,CHEM32_Lab,RUSS1_Course,CPSC21_Lab,
Student 100,Class of 2026,SOCI045C_Course,ENGL92_Course,HIST29_Course,ANTH122_Seminar,,,,
Student 101,Class of 2027,ECON11_Course,CPSC21_Course,MATH27_Course,ECON31_Course,CPSC21_Lab,,,
Student 102,Class of 2026,STAT61_Course,ECON11_Course,,,,,,
Student 103,Class of 2027,ENGR11_Course,MATH33_Course,,,,,,
Student 104,Class of 2025,CHEM56_Course,ANTH072C_Course,,,,,,
Student 105,Class of 2027,ECON35_Course,FREN15_Course,,CPSC21_Course,CPSC21_Lab,,,
Student 106,Class of 2025,FMST57_Course,LING11_Course,CPSC091S_Course,,CPSC091S_Lab,,,
Student 107,Class of 2025,ENGR41_Course,CHEM42_Course,ENGR59_Course,,CHEM42_Lab,ENGR41_Lab,ENGR41_Lab,ENGR59_Lab
Student 108,Class of 2025,EDUC21_Course,ECON33_Course,MATH65_Course,ENVS15_Course,,,,
Student 109,Class of 2026,RELG10_Course,MUSI005A_Course,PSYC37_Course,BLST15_Course,,,,
Student 110,Class of 2026,CPSC31_Course,CPSC35_Course,STAT21_Course,,CPSC31_Lab,CPSC35_Lab,,
Student 111,Class of 2027,ECON84_Course,BIOL1_Course,PEAC15_Course,PEAC53_Course,,,,
Student 112,Class of 2025,MATH63_Course,THEA1_Course,ENGR11_Course,CPSC66_Course,CPSC66_Lab,ENGR11_Lab,,
Student 113,Class of 2027,PHYS3_Course,ENGR11_Course,,,ENGR11_Lab,PHYS3_Lab,,
Student 114,Class of 2026,LING40_Course,POLS82_Course,CHIN3_Course,,,,,
Student 115,Class of 2025,ECON35_Course,PSYC107_Lab,SPAN108_Seminar,,,,,
Student 116,Class of 2026,EDUC21_Course,PSYC107_Lab,EDUC53_Course,PSYC25_Course,,,,
Student 117,Class of 2026,BIOL9_Course,ENGR59_Course,ENGR21_Course,ENGR41_Course,ENGR59_Lab,ENGR21_Lab,ENGR41_Lab,
Student 118,Class of 2026,CPSC41_Course,CPSC66_Course,HIST29_Course,HIST89_Course,CPSC41_Lab,CPSC43_Lab,,
Student 119,Class of 2025,MATH102_Seminar,,RELG29_Course,RELG23_Course,,,,
Student 120,Class of 2026,,ARTH10_Course,ENVS35_Course,ENVS25_Course,,,,
Student 121,Class of 2027,PHIL79_Course,BIOL9_Course,ECON11_Course,POLS12_Course,,,,
Student 122,Class of 2027,SOCI048L_Course,ECON31_Course,HIST89_Course,POLS46_Course,,,,
Student 123,Class of 2026,ENGR21_Course,ENGR51_Course,ENGR59_Course,ENGR76_Course,ENGR21_Lab,ENGR41_Lab,,ENGR59_Lab
Student 124,Class of 2027,PSYC39_Course,EDUC45_Course,,,,,,
Student 125,Class of 2027,PSYC18_Course,,CPSC31_Course,,CPSC21_Lab,,,
Student 126,Class of 2025,MATH63_Course,STAT61_Course,ENVS51_Course,,,,,
Student 127,Class of 2026,MUSI003A_Course,CHEM32_Course,,,CHEM32_Lab,,,
Student 128,Class of 2026,LING50_Course,BIOL9_Course,ENGL78_Course,,,,,
Student 129,Class of 2027,ANTH020J_Course,ENGL78_Course,ENGL001C_Course,,,,,
Student 130,Class of 2026,STAT61_Course,POLS73_Course,LING1_Course,,,,,
Student 131,Class of 2025,CHEM32_Course,MATH69_Course,,,CHEM32_Lab,,,
Student 132,Class of 2025,PHYS107_Course,PHYS112_Course,,,,,,
Student 133,Class of 2025,MATH102_Seminar,ECON155_Seminar,MATH66_Course,,,,,
Student 134,Class of 2025,ENGR41_Course,MATH102_Seminar,MATH65_Course,ENGR28_Course,ENGR41_Lab,,,ENGR59_Lab
Student 135,Class of 2025,PSYC138C_Seminar,PSYC37_Course,,SPAN69_Course,,,,
Student 136,Class of 2026,CHEM10_Course,BIOL9_Course,EDUC53_Course,,CHEM10_Lab,,,
Student 137,Class of 2025,ANTH020J_Course,DANC12_Course,CPSC43_Course,DANC20_Course,CPSC43_Lab,,,
Student 138,Class of 2026,ENGR59_Course,ENGR41_Course,,,ENGR59_Lab,ENGR41_Lab,,
Student 139,Class of 2027,SPAN1_Course,MATH15_Course,CHEM10_Course,,CHEM10_Lab,,,
Student 140,Class of 2027,ENGR11_Course,ENGR59_Course,PHYS3_Course,,ENGR11_Lab,ENGR11_Lab,ENGR59_Lab,
Student 141,Class of 2025,CHEM42_Course,,,ENGL78_Course,CHEM42_Lab,,,
Student 142,Class of 2027,,,PSYC38_Course,CHEM10_Course,CHEM10_Lab,,,
Student 143,Class of 2026,EDUC54_Course,ENGL28_Course,CPSC21_Course,ENGL80_Course,CPSC21_Lab,,,
Student 144,Class of 2027,MATH44_Course,PHYS7_Course,EDUC014F_Seminar,,PHYS7_Lab,,,
Student 145,Class of 2025,BLST15_Course,BIOL9_Course,EDUC54_Course,STAT21_Course,,,,
Student 146,Class of 2026,PSYC131_Seminar,PHYS003L_Course,CHEM32_Course,,CHEM32_Lab,PHYS003L_Lab,,
Student 147,Class of 2027,CHEM32_Course,PHYS003L_Course,SPAN88_Course,PSYC25_Course,CHEM32_Lab,PHYS003L_Lab,,
Student 148,Class of 2026,PSYC031A_Course,PSYC130_Seminar,PHYS003L_Course,ANTH043E_Course,PHYS003L_Lab,,,
Student 149,Class of 2026,PHYS107_Course,PHYS112_Course,MATH44_Course,MATH63_Course,,,,
Student 150,Class of 2025,PSYC37_Course,ARTH5_Course,DANC20_Course,,,,,
Student 151,Class of 2025,HIST29_Course,BLST15_Course,HIST91_Seminar,,,,,
Student 152,Class of 2027,MATH34_Course,CPSC35_Course,MATH39_Course,PHIL012A_Course,CPSC35_Lab,,,
Student 153,Class of 2025,STAT61_Course,MATH63_Course,PSYC34_Course,ENVS15_Course,,,,
Student 154,Class of 2026,HIST116B_Seminar,,HIST89_Course,,,,,
Student 155,Class of 2027,PSYC25_Course,PSYC031A_Course,BIOL1_Course,MUSI11_Course,BIOL1_Lab,,,
Student 156,Class of 2025,HIST29_Course,PHIL012A_Course,ENGL67_Course,,,,,
Student 157,Class of 2025,CPSC66_Course,MATH66_Course,,,CPSC66_Lab,,,
Student 158,Class of 2026,CHEM10_Course,ENGR41_Course,CPSC41_Course,CPSC43_Course,CHEM10_Lab,ENGR41_Lab,CPSC41_Lab,CPSC43_Lab
Student 159,Class of 2025,HIST116B_Seminar,BIOL115E_Seminar,BIOL20_Course,,BIOL20_Lab,,,
Student 160,Class of 2027,ECON11_Course,LING1_Course,,,,,,
Student 161,Class of 2027,PHYS7_Course,ASTR16_Course,,,PHYS7_Lab,ASTR16_Lab,,
Student 162,Class of 2025,ENGR59_Course,ARAB1_Course,,,ARAB1_Course,ENGR59_Lab,,
Student 163,Class of 2025,PSYC39_Course,POLS102_Seminar,LING80_Course,BIOL9_Course,,,,
Student 164,Class of 2025,RELG95_Seminar,,ENGL070S_Course,BIOL9_Course,,,,
Student 165,Class of 2025,,EDUC54_Course,PSYC39_Course,,,,,
Student 166,Class of 2027,,ENGR11_Course,MATH34_Course,LING11_Course,,ENGR11_Lab,ENGR11_Lab,
Student 167,Class of 2026,CHEM48_Course,PHYS003L_Course,EDUC14_Course,,CHEM58_Lab,PHYS003L_Lab,,
Student 168,Class of 2025,LATN104_Seminar,GREK111_Seminar,FREN44_Course,,,,,
Student 169,Class of 2026,EDUC53_Course,EDUC45_Course,ENGL92_Course,ENGL67_Course,,,,
Student 170,Class of 2026,ENGR41_Course,MATH66_Course,MATH63_Course,ENGR59_Course,ENGR41_Lab,ENGR59_Lab,,
Student 171,Class of 2025,ENGR28_Course,CPSC41_Course,,,CPSC41_Lab,,,
Student 172,Class of 2026,ENGL101_Seminar,ENGL80_Course,EDUC001C_Course,,,,,
Student 173,Class of 2025,,MATH25_Course,,,,,,
Student 174,Class of 2025,PSYC130_Seminar,BIOL20_Course,PSYC031A_Course,ANTH043E_Course,BIOL20_Lab,,,
Student 175,Class of 2025,PSYC39_Course,SPAN69_Course,PSYC108_Lab,,,,,
Student 176,Class of 2027,CPSC35_Course,MATH27_Course,,,CPSC31_Lab,,,
Student 177,Class of 2025,ENGR41_Course,STAT11_Course,ENGR28_Course,PSYC18_Course,ENGR41_Lab,,,
Student 178,Class of 2025,BIOL37_Course,PSYC108_Lab,RELG114_Seminar,PSYC37_Course,BIOL37_Lab,,,
Student 179,Class of 2025,CHEM32_Course,PSYC18_Course,ENVS10_Course,,CHEM32_Lab,,,
Student 180,Class of 2025,,ENGL36_Course,PSYC38_Course,SOCI036F_Course,,,,
Student 181,Class of 2027,BIOL1_Course,BIOL9_Course,ENVS17_Course,,BIOL1_Lab,,,
Student 182,Class of 2027,CHEM32_Course,PHYS7_Course,PSYC1_Course,,CHEM32_Lab,PHYS7_Lab,,
Student 183,Class of 2026,PHYS107_Course,CHEM10_Course,ENGR76_Course,ENGR41_Course,CHEM10_Lab,ENGR41_Lab,,
Student 184,Class of 2025,PHYS112_Course,PHYS107_Course,,,,,,
Student 185,Class of 2027,CPSC41_Course,MATH39_Course,,,CPSC41_Lab,,,
Student 186,Class of 2025,STAT21_Course,POLS38_Course,,,,,,
Student 187,Class of 2025,CPSC43_Course,SPAN108_Seminar,MATH63_Course,STAT21_Course,CPSC43_Lab,,,
Student 188,Class of 2026,PSYC39_Course,ENGL80_Course,ENGL92_Course,,,,,
Student 189,Class of 2025,,STAT21_Course,ENVS10_Course,BIOL20_Course,BIOL20_Lab,,,
Student 190,Class of 2027,POLS13_Course,POLS46_Course,CPSC21_Course,PHIL012A_Course,CPSC21_Lab,,,
Student 191,Class of 2026,ANTH043E_Course,PHYS003L_Course,PSYC38_Course,PHIL52_Course,,,,
Student 192,Class of 2026,CPSC66_Course,CPSC091S_Course,CPSC41_Course,MATH39_Course,CPSC091S_Lab,CPSC66_Lab,CPSC41_Lab,
Student 193,Class of 2027,CHEM32_Course,PHYS3_Course,ENGL92_Course,MATH28_Course,CHEM32_Lab,PHYS003L_Lab,,
Student 194,Class of 2027,CPSC66_Course,ECON35_Course,ECON11_Course,CPSC41_Course,CPSC66_Lab,CPSC41_Lab,,
Student 195,Class of 2025,,PSYC37_Course,,,,,,
Student 196,Class of 2026,PHIL101A_Seminar,MUSI22_Course,PSYC1_Course,,,,,
Student 197,Class of 2025,BIOL36_Course,EDUC45_Course,PEAC53_Course,STAT11_Course,BIOL36_Lab,,,
Student 198,Class of 2027,CHEM32_Course,CPSC35_Course,PHYS003L_Course,,CHEM32_Lab,CPSC35_Lab,PHYS003L_Lab,
Student 199,Class of 2027,CPSC21_Course,PHYS3_Course,CHEM32_Course,MATH34_Course,CPSC21_Lab,PHYS3_Lab,CHEM32_Lab,
Student 200,Class of 2025,CPSC66_Course,EDUC68_Course,,,CPSC66_Lab,,,
Student 201,Class of 2025,ENGL92_Course,PHIL22_Course,ANTH072C_Course,,,,,
Student 202,Class of 2026,BIOL9_Course,ENGR41_Course,,ENGR59_Course,ENGR41_Lab,ENGR59_Lab,,
Student 203,Class of 2027,ENGR11_Course,BIOL1_Course,,,BIOL1_Lab,ENGR11_Lab,ENGR11_Lab,
Student 204,Class of 2025,ENGR41_Course,ENGR59_Course,BIOL9_Course,ARTH5_Course,ENGR59_Lab,ENGR41_Lab,,
Student 205,Class of 2025,BIOL20_Course,BIOL49_Course,ENGL36_Course,ENGL070S_Course,BIOL20_Lab,,,
Student 206,Class of 2025,ENGR41_Course,,ENGR21_Course,PHIL22_Course,ENGR41_Lab,ENGR21_Lab,,
Student 207,Class of 2026,CPSC66_Course,CPSC43_Course,MATH63_Course,,CPSC46_Lab,CPSC66_Lab,,
Student 208,Class of 2025,ENVS10_Course,FMST11_Course,FMST57_Course,LING11_Course,,,,
Student 209,Class of 2026,ENGR28_Course,STAT61_Course,ENGR41_Course,PHYS5_Course,,ENGR41_Lab,,
Student 210,Class of 2025,HIST91_Seminar,ECON46_Course,,,,,,
Student 211,Class of 2025,PSYC37_Course,SOCI048L_Course,PSYC39_Course,STAT21_Course,,,,
Student 212,Class of 2026,PHYS107_Course,PHYS112_Course,MATH63_Course,,,,,
Student 213,Class of 2027,BIOL1_Course,EDUC21_Course,PSYC25_Course,,BIOL1_Lab,,,
Student 214,Class of 2025,ENGR59_Course,MATH66_Course,MATH63_Course,CHEM10_Course,CHEM10_Lab,,ENGR59_Lab,
Student 215,Class of 2026,MATH39_Course,,,,,,,
Student 216,Class of 2027,CHEM32_Course,BIOL1_Course,PHYS003L_Course,,BIOL1_Lab,CHEM32_Lab,PHYS003L_Lab,
Student 217,Class of 2027,ENGR11_Course,ENVS089A_Course,BIOL1_Course,MATH27_Course,ENGR11_Lab,BIOL1_Lab,,
Student 218,Class of 2025,BIOL115E_Seminar,DANC025A_Course,BIOL14_Course,DANC53_Course,BIOL14_Lab,,,
Student 219,Class of 2027,BIOL37_Course,BIOL36_Course,PSYC1_Course,ECON11_Course,BIOL36_Lab,BIOL37_Lab,,
Student 220,Class of 2025,BIOL20_Course,PSYC130_Seminar,LING25_Course,,BIOL20_Lab,,,
Student 221,Class of 2026,CPSC66_Course,ECON35_Course,MATH34_Course,ECON11_Course,CPSC66_Lab,,,
Student 222,Class of 2026,,PSYC39_Course,STAT21_Course,BIOL37_Course,,BIOL37_Lab,,
Student 223,Class of 2026,PHYS107_Course,CPSC31_Course,CPSC41_Course,MATH63_Course,CPSC31_Lab,,,
Student 224,Class of 2027,EDUC21_Course,LING25_Course,BIOL9_Course,ENVS10_Course,,,,
Student 225,Class of 2026,CHEM48_Course,MATH63_Course,PHYS003L_Course,CPSC21_Course,CHEM58_Lab,,PHYS003L_Lab,CPSC21_Lab
Student 226,Class of 2027,ENGL36_Course,PHIL52_Course,POLS13_Course,,,,,
Student 227,Class of 2025,,SOCI148_Seminar,FMST54_Seminar,SOCI056C_Course,,,,
Student 228,Class of 2026,ECON155_Seminar,ECON35_Course,POLS4_Course,,,,,
Student 229,Class of 2025,BIOL37_Course,,SOCI048L_Course,LING29_Course,BIOL37_Lab,,,
Student 230,Class of 2025,,BIOL20_Course,PSYC18_Course,PHIL52_Course,BIOL20_Lab,,,
Student 231,Class of 2025,ENGL80_Course,ENGL20_Course,,,,,,
Student 232,Class of 2025,ENGL80_Course,STAT11_Course,,,,,,
Student 233,Class of 2027,BLST15_Course,ENGR11_Course,,,ENGR11_Lab,,,
Student 234,Class of 2025,ENGR41_Course,ENGR51_Course,MATH66_Course,PHYS003L_Course,ENGR41_Lab,,PHYS003L_Lab,
Student 235,Class of 2025,,POLS13_Course,STAT21_Course,CPSC35_Course,CPSC35_Lab,,,
Student 236,Class of 2025,LING52_Course,GLBL15_Course,POLS4_Course,STAT11_Course,,,,
Student 237,Class of 2027,CHEM10_Course,POLS2_Course,PSYC38_Course,ECON76_Course,CHEM10_Lab,,,
Student 238,Class of 2026,CHEM32_Course,PHYS003L_Course,ANTH043E_Course,RELG10_Course,CHEM32_Lab,PHYS003L_Lab,,
Student 239,Class of 2027,RUSS3_Course,PHIL79_Course,CHIN55_Course,,,,,
Student 240,Class of 2026,ENGL80_Course,ENGL78_Course,EDUC53_Course,ANTH043E_Course,,,,
Student 241,Class of 2027,SPAN4_Course,FREN3_Course,MATH15_Course,ECON33_Course,,,,
Student 242,Class of 2027,CHEM10_Course,BIOL49_Course,BIOL14_Course,SPAN3_Course,BIOL14_Lab,CHEM10_Lab,,
Student 243,Class of 2026,POLS103_Seminar,PHIL101A_Seminar,MATH15_Course,,,,,
Student 244,Class of 2026,PSYC130_Seminar,PHYS003L_Course,CHEM32_Course,ANTH043E_Course,CHEM32_Lab,,,
Student 245,Class of 2026,ECON122_Seminar,MATH27_Course,,,,,,
Student 246,Class of 2027,MATH63_Course,MATH65_Course,PHIL012A_Course,,,,,
Student 247,Class of 2027,CPSC35_Course,STAT11_Course,ECON11_Course,,CPSC35_Lab,,,
Student 248,Class of 2027,CPSC31_Course,CPSC66_Course,ENGR11_Course,MATH33_Course,CPSC31_Lab,CPSC66_Lab,ENGR11_Lab,
Student 249,Class of 2026,BIOL20_Course,ECON11_Course,MUSI007A_Course,CHEM32_Course,CHEM32_Lab,BIOL20_Lab,,
Student 250,Class of 2026,ECON22_Course,MATH27_Course,,PSYC1_Course,,,,
Student 251,Class of 2025,ENGL80_Course,MUSI22_Course,CPSC21_Course,ECON22_Course,,,,
Student 252,Class of 2027,,MATH34_Course,,,CPSC21_Lab,,,
Student 253,Class of 2026,POLS59_Course,PEAC53_Course,ENGL92_Course,ARAB11_Course,,,,
Student 254,Class of 2027,ECON11_Course,POLS12_Course,ENGL20_Course,ARTH5_Course,,,,
Student 255,Class of 2026,PSYC39_Course,DANC20_Course,ENGL67_Course,DANC12_Course,,,,
Student 256,Class of 2025,MATH102_Seminar,PHYS132_Seminar,,,,,,
Student 257,Class of 2026,ENGR41_Course,ENGR65_Course,BIOL1_Course,HIST89_Course,ENGR41_Lab,BIOL1_Lab,,
Student 258,Class of 2027,COGS1_Course,EDUC14_Course,SPAN1_Course,MATH15_Course,,,,
Student 259,Class of 2026,CHIN3_Course,PSYC37_Course,CHIN55_Course,,,,,
Student 260,Class of 2026,ENGR41_Course,MATH63_Course,ENGR59_Course,PHYS5_Course,,,ENGR41_Lab,ENGR59_Lab
Student 261,Class of 2026,CHEM32_Course,ENGR41_Course,ENGR65_Course,ANTH043E_Course,CHEM32_Lab,ENGR41_Lab,,
Student 262,Class of 2026,ECON11_Course,,,,,,,
Student 263,Class of 2026,BIOL37_Course,CHEM32_Course,PHYS003L_Course,PSYC34_Course,BIOL37_Lab,CHEM32_Lab,PHYS003L_Lab,
Student 264,Class of 2027,MATH66_Course,ENGR59_Course,ENGR21_Course,ENGR41_Course,ENGR59_Lab,ENGR21_Lab,ENGR21_Lab,
Student 265,Class of 2027,STAT21_Course,CPSC21_Course,POLS2_Course,,CPSC21_Lab,,,
Student 266,Class of 2026,ANTH122_Seminar,PEAC155_Course,ANTH072C_Course,,,,,
Student 267,Class of 2027,BIOL1_Course,ENGR11_Course,CHEM10_Course,PHYS001C_Course,BIOL1_Lab,CHEM10_Lab,ENGR11_Lab,
Student 268,Class of 2027,ENVS20_Course,ENVS25_Course,ENVS35_Course,,,,,
Student 269,Class of 2025,POLS103_Seminar,CPSC091S_Course,CPSC43_Course,CPSC82_Course,CPSC43_Lab,,CPSC091S_Lab,
Student 270,Class of 2025,BIOL115E_Seminar,STAT61_Course,PSYC39_Course,ENVS15_Course,,,,
Student 271,Class of 2025,EDUC68_Course,SPAN88_Course,DANC41_Course,SOCI025C_Course,,,,
Student 272,Class of 2026,PHIL101A_Seminar,ENGL92_Course,,,,,,
Student 273,Class of 2026,CHEM42_Course,CHEM48_Course,MATH63_Course,BIOL14_Course,BIOL14_Lab,CHEM42_Lab,,
Student 274,Class of 2027,STAT11_Course,LATN1_Language,BLST38_Course,PHIL34_Course,,,,
Student 275,Class of 2027,ENGR11_Course,MATH33_Course,PHYS3_Course,,ENGR11_Lab,ENGR11_Lab,PHYS3_Lab,
Student 276,Class of 2027,ENGR11_Course,MATH27_Course,,,ENGR11_Lab,ENGR11_Lab,,
Student 277,Class of 2026,BIOL14_Course,ANTH043E_Course,MATH33_Course,ENGL20_Course,BIOL14_Lab,,,
Student 278,Class of 2027,ENGL78_Course,BIOL37_Course,MATH15_Course,EDUC21_Course,BIOL37_Lab,,,
Student 279,Class of 2027,ECON31_Course,ECON11_Course,ARAB1_Course,POLS13_Course,,,,
Student 280,Class of 2027,CHEM32_Course,PHYS003L_Course,MATH25_Course,,CHEM32_Lab,PHYS003L_Lab,,
Student 281,Class of 2026,ENGR41_Course,CHIN20_Course,ENGR51_Course,PHYS5_Course,,ENGR41_Lab,,
Student 282,Class of 2026,BIOL20_Course,,PSYC1_Course,,BIOL20_Lab,,,
Student 283,Class of 2027,ENGR11_Course,MATH34_Course,,LING1_Course,ENGR11_Lab,ENGR11_Lab,,
Student 284,Class of 2025,ENGL101_Seminar,ENGL101_Seminar,PHYS107_Course,PHYS112_Course,,,,
Student 285,Class of 2026,PEAC15_Course,ARTH5_Course,HIST29_Course,FMST57_Course,,,,
Student 286,Class of 2027,ENGR11_Course,ENGR59_Course,PHIL012A_Course,STAT21_Course,ENGR11_Lab,ENGR59_Lab,,
Student 287,Class of 2025,CHEM56_Course,,FREN116_Seminar,,,,,
Student 288,Class of 2025,CPSC82_Course,STAT61_Course,,,,,,
Student 289,Class of 2025,ENGR41_Course,CHEM10_Course,PHYS112_Course,,CHEM10_Lab,ENGR41_Lab,PHYS82_Lab,
Student 290,Class of 2025,PSYC1_Course,PHYS001C_Course,BIOL14_Course,POLS59_Course,BIOL14_Lab,,,
Student 291,Class of 2025,MATH102_Seminar,,CPSC41_Course,,CPSC46_Lab,CPSC41_Lab,,
Student 292,Class of 2025,CPSC091S_Course,CPSC091R_Course,,SOCI1_Course,CPSC091S_Lab,CPSC091R_Lab,,
Student 293,Class of 2026,PHYS107_Course,MATH63_Course,PHYS112_Course,PHYS132_Seminar,,,,
Student 294,Class of 2026,ECON35_Course,MATH25_Course,,,,,,
Student 295,Class of 2026,BIOL36_Course,BIOL37_Course,MATH34_Course,LING1_Course,BIOL36_Lab,BIOL37_Lab,,
Student 296,Class of 2026,BIOL20_Course,CHEM48_Course,ARTH5_Course,,BIOL20_Lab,CHEM58_Lab,BIOL1_Lab,
Student 297,Class of 2026,CHEM32_Course,PSYC39_Course,ANTH043E_Course,STAT21_Course,BIOL37_Lab,,,
Student 298,Class of 2027,CHEM32_Course,BIOL1_Course,PSYC38_Course,PSYC031A_Course,CHEM32_Lab,BIOL1_Lab,,
Student 299,Class of 2027,ECON11_Course,MATH34_Course,FREN15_Course,,,,,
Student 300,Class of 2025,BIOL20_Course,PEAC15_Course,,,BIOL20_Lab,,,
Student 301,Class of 2026,POLS82_Course,ENGL36_Course,POLS59_Course,SPAN002B_Course,,,,
Student 302,Class of 2027,ENGR11_Course,MATH27_Course,,,ENGR11_Lab,,,
Student 303,Class of 2025,PHYS5_Course,PHYS112_Course,MUSI002B_Course,,,,,
Student 304,Class of 2027,MATH63_Course,PHIL012A_Course,ECON11_Course,,,,,
Student 305,Class of 2027,ENGR11_Course,PHYS3_Course,,HIST50_Course,ENGR11_Lab,PHYS3_Lab,,
Student 306,Class of 2026,BIOL9_Course,EDUC21_Course,EDUC53_Course,,,,,
Student 307,Class of 2026,CPSC66_Course,PSYC18_Course,MATH39_Course,PHYS003L_Course,CPSC66_Lab,PHYS003L_Lab,,
Student 308,Class of 2026,DANC12_Course,LING80_Course,DANC50_Course,LING52_Course,,,,
Student 309,Class of 2026,CPSC66_Course,MATH66_Course,MATH63_Course,,CPSC66_Lab,,,
Student 310,Class of 2026,PSYC130_Seminar,BIOL14_Course,CHEM48_Course,PHYS003L_Course,BIOL14_Lab,PHYS003L_Lab,,
Student 311,Class of 2027,CPSC21_Course,CHEM10_Course,PSYC031A_Course,PSYC25_Course,CPSC21_Lab,CHEM10_Lab,,
Student 312,Class of 2025,LITR070R_Lab,ENGL070S_Course,PHYS132_Seminar,,,,,
Student 313,Class of 2027,CPSC35_Course,MATH65_Course,MATH44_Course,PHIL012A_Course,CPSC35_Lab,,,
Student 314,Class of 2026,PSYC37_Course,PSYC25_Course,PHYS003L_Course,RELG95_Seminar,PHYS003L_Lab,,,
Student 315,Class of 2025,POLS102_Seminar,FMST57_Course,PSYC37_Course,,,,,
Student 316,Class of 2025,MATH63_Course,,,,,,,
Student 317,Class of 2027,ENGL070E_Lab,ENGL90_Course,SPAN4_Course,BIOL9_Course,,,,
Student 318,Class of 2025,,CHEM48_Course,ENVS15_Course,,,CHEM58_Lab,,
Student 319,Class of 2025,STAT61_Course,EDUC53_Course,EDUC21_Course,ECON22_Course,,,,
Student 320,Class of 2025,BIOL20_Course,BIOL14_Course,,,BIOL20_Lab,BIOL14_Lab,,
Student 321,Class of 2026,CPSC41_Course,PEAC30_Course,,STAT11_Course,CPSC41_Lab,,,
Student 322,Class of 2025,PSYC38_Course,PSYC39_Course,,,,,,
Student 323,Class of 2026,CPSC66_Course,ECON33_Course,,,CPSC66_Lab,,,
Student 324,Class of 2027,CHEM10_Course,STAT11_Course,,,CHEM10_Lab,,,
Student 325,Class of 2027,CPSC66_Course,CPSC41_Course,MATH27_Course,ENGR11_Course,CPSC66_Lab,CPSC41_Lab,ENGR11_Lab,
Student 326,Class of 2027,PSYC25_Course,BIOL1_Course,CHEM10_Course,,BIOL1_Lab,CHEM10_Lab,,
Student 327,Class of 2025,HIST91_Seminar,EDUC21_Course,POLS3_Course,,,,,
Student 328,Class of 2027,PSYC38_Course,ASTR1_Course,RELG114_Seminar,MUSI005A_Course,,,,
Student 329,Class of 2026,ECON176_Seminar,ECON35_Course,ENVS089A_Course,POLS12_Course,,,,
Student 330,Class of 2027,CPSC31_Course,MATH39_Course,COGS1_Course,,CPSC31_Lab,,,
Student 331,Class of 2025,,BIOL20_Course,LING29_Course,LING100_Seminar,BIOL20_Lab,,,
Student 332,Class of 2027,CPSC41_Course,CPSC43_Course,MATH63_Course,RUSS1_Course,CPSC41_Lab,CPSC43_Lab,,RUSS1_Course
Student 333,Class of 2025,STAT21_Course,EDUC126_Seminar,MATH69_Course,MATH102_Seminar,,,,
Student 334,Class of 2025,PSYC37_Course,ENGL052B_Course,ENGL36_Course,,,,,
Student 335,Class of 2027,ENGR11_Course,PHYS003L_Course,BIOL1_Course,MATH34_Course,BIOL1_Lab,ENGR11_Lab,PHYS003L_Lab,
Student 336,Class of 2027,DANC20_Course,BIOL36_Course,ENVS25_Course,,BIOL36_Lab,,,
Student 337,Class of 2025,PHYS001C_Course,EDUC21_Course,,,,,,
Student 338,Class of 2027,MATH25_Course,CPSC31_Course,,,CPSC31_Lab,,,
Student 339,Class of 2026,MATH65_Course,PHIL012A_Course,PHIL001G_Course,LING45_Course,,,,
Student 340,Class of 2025,,BIOL20_Course,DANC20_Course,ANTH043E_Course,BIOL20_Lab,,,
Student 341,Class of 2027,LING40_Course,LING52_Course,,JPNS3_Course,JPNS3_Course,,,
Student 342,Class of 2025,,ENGL28_Course,ENGL55_Course,,,,,
Student 343,Class of 2027,CHEM42_Course,MATH34_Course,PHYS5_Course,ENGR11_Course,CHEM42_Lab,ENGR11_Lab,,
Student 344,Class of 2026,CPSC21_Course,ECON122_Seminar,MUSI52_Course,ECON176_Seminar,CPSC21_Lab,,,
Student 345,Class of 2025,,,MATH66_Course,,,,,
Student 346,Class of 2025,ENGR28_Course,MATH102_Seminar,CHEM10_Course,,,CHEM10_Lab,,
Student 347,Class of 2026,GREK111_Seminar,ENGL80_Course,ENGL20_Course,LATN1_Language,,,,
Student 348,Class of 2026,ENVS17_Course,ECON76_Course,ENVS15_Course,,,,,
Student 349,Class of 2025,PHIL101A_Seminar,PHIL116A_Seminar,,,,,,
Student 350,Class of 2026,ECON155_Seminar,ENGR65_Course,ENGR59_Course,MATH34_Course,ENGR59_Lab,,,
Student 351,Class of 2025,PHIL101A_Seminar,PHIL101B_Seminar,,PSYC131_Seminar,,,,
Student 352,Class of 2027,PHIL22_Course,JPNS3_Course,,,,,,
Student 353,Class of 2027,BIOL9_Course,SOCI056C_Course,SOCI148_Seminar,,,,,
Student 354,Class of 2027,MATH63_Course,STAT61_Course,,,,,,
Student 355,Class of 2027,PHYS5_Course,PHYS7_Course,,,,PHYS7_Lab,,
Student 356,Class of 2027,CPSC35_Course,ECON11_Course,STAT21_Course,,CPSC35_Lab,,,
Student 357,Class of 2025,BIOL37_Course,BIOL20_Course,BIOL9_Course,MUSI22_Course,BIOL20_Lab,BIOL37_Lab,,
Student 358,Class of 2026,POLS73_Course,PSYC37_Course,PSYC18_Course,PEAC30_Course,,,,
Student 359,Class of 2025,GREK111_Seminar,ANCH42_Course,CPSC66_Course,,CPSC66_Lab,,,
Student 360,Class of 2025,CHEM42_Course,JPNS3_Course,CPSC43_Course,CPSC41_Course,CHEM58_Lab,CHEM42_Lab,JPNS3_Course,CPSC43_Lab
Student 361,Class of 2026,STAT61_Course,MATH102_Seminar,CPSC66_Course,MUSI001A_Course,CPSC66_Lab,,,
Student 362,Class of 2026,PSYC138C_Seminar,PSYC37_Course,,,,,,
Student 363,Class of 2026,BIOL1_Course,PHYS3_Course,,,BIOL1_Lab,PHYS003L_Lab,,
Student 364,Class of 2026,PSYC39_Course,PSYC138C_Seminar,MUSI005A_Course,,,,,
Student 365,Class of 2027,,ENGL67_Course,,BIOL37_Course,BIOL37_Lab,,,
Student 366,Class of 2026,PSYC39_Course,PSYC37_Course,EDUC54_Course,,,,,
Student 367,Class of 2027,ENGR11_Course,CHEM10_Course,ECON11_Course,,ENGR11_Lab,ENGR11_Lab,CHEM10_Lab,
Student 368,Class of 2026,BIOL20_Course,CHEM32_Course,PSYC031A_Course,,BIOL20_Lab,CHEM32_Lab,,
Student 369,Class of 2026,ENGR59_Course,EDUC126_Seminar,ENGR41_Course,,ENGR41_Lab,ENGR59_Lab,,
Student 370,Class of 2026,PSYC131_Seminar,PSYC130_Seminar,CHEM32_Course,ANTH043E_Course,CHEM32_Lab,,,
Student 371,Class of 2026,ANTH122_Seminar,MATH63_Course,POLS4_Course,,,,,
Student 372,Class of 2026,ECON35_Course,MATH27_Course,ECON122_Seminar,,,,,
Student 373,Class of 2025,ENGL80_Course,SPAN1_Course,,,,,,
Student 374,Class of 2025,ENGR41_Course,HIST91_Seminar,,ENGL80_Course,ENGR41_Lab,,,
Student 375,Class of 2025,ECON155_Seminar,PSYC031A_Course,,,,,,
Student 376,Class of 2026,CPSC35_Course,MATH63_Course,GREK1_Language,,CPSC35_Lab,,,
Student 377,Class of 2025,HIST29_Course,HIST89_Course,STAT21_Course,MATH66_Course,,,,
Student 378,Class of 2025,ENVS15_Course,,,,,,,
Student 379,Class of 2026,BIOL14_Course,ANTH043E_Course,PSYC1_Course,MATH27_Course,BIOL14_Lab,,,
Student 380,Class of 2025,BIOL14_Course,BIOL36_Course,BIOL115E_Seminar,PSYC108_Lab,BIOL36_Lab,BIOL14_Lab,,
Student 381,Class of 2026,BIOL20_Course,LING11_Course,ANTH043E_Course,,BIOL20_Lab,,,
Student 382,Class of 2025,HIST91_Seminar,DANC025A_Course,HIST116B_Seminar,ANTH072C_Course,,,,
Student 383,Class of 2027,PHYS3_Course,BIOL1_Course,MATH15_Course,,BIOL1_Lab,PHYS3_Lab,,
Student 384,Class of 2025,LING100_Seminar,,,,,,,
Student 385,Class of 2025,MATH63_Course,STAT61_Course,CHIN3_Course,,,,,
Student 386,Class of 2026,COGS1_Course,CHIN1_Course,ENGR41_Course,ENGR28_Course,ENGR41_Lab,,,
Student 387,Class of 2026,ENGR41_Course,MATH66_Course,ENGR59_Course,,ENGR41_Lab,ENGR59_Lab,,
Student 388,Class of 2026,MATH69_Course,BIOL37_Course,LING50_Course,LING25_Course,BIOL37_Lab,,,
Student 389,Class of 2027,POLS103_Seminar,RELG114_Seminar,,,,,,
Student 390,Class of 2026,ENVS10_Course,ENVS35_Course,ECON31_Course,ECON13_Course,,,,
Student 391,Class of 2026,PSYC38_Course,PSYC34_Course,,,,,,
Student 392,Class of 2025,CHEM56_Course,,ECON122_Seminar,ANTH122_Seminar,,,,
Student 393,Class of 2026,PHIL79_Course,,CPSC66_Course,BLST50_Course,CPSC66_Lab,,,
Student 394,Class of 2027,,SOCI025C_Course,STAT11_Course,EDUC45_Course,,,,
Student 395,Class of 2025,CPSC091R_Course,STAT61_Course,PHIL012A_Course,BIOL1_Course,CPSC091R_Lab,BIOL1_Lab,,
Student 396,Class of 2026,ENGR41_Course,MATH63_Course,,,ENGR41_Lab,,,
Student 397,Class of 2025,,MATH63_Course,ECON35_Course,,,,,
Student 398,Class of 2025,BIOL115E_Seminar,HIST50_Course,BLST67_Course,MATH25_Course,,,,
Student 399,Class of 2026,RUSS70_Lab,HIST35_Course,PSYC43_Course,PSYC37_Course,,,,
Student 400,Class of 2027,CHEM32_Course,CHEM42_Course,CHEM56_Course,,CHEM32_Lab,CHEM42_Lab,,
Student 401,Class of 2027,CPSC35_Course,MATH39_Course,,SOCI1_Course,CPSC35_Lab,,,
Student 402,Class of 2027,MATH28_Course,ECON33_Course,MATH69_Course,,,,,
Student 403,Class of 2027,PEAC15_Course,PSYC34_Course,LING50_Course,CPSC35_Course,CPSC35_Lab,,,
Student 404,Class of 2025,SOCI1_Course,PHIL22_Course,SOCI048L_Course,,,,,
Student 405,Class of 2027,CPSC41_Course,MATH39_Course,LING1_Course,,CPSC41_Lab,,,
Student 406,Class of 2027,POLS13_Course,ECON46_Course,MATH15_Course,CPSC21_Course,CPSC21_Lab,,,
Student 407,Class of 2026,CHEM48_Course,CHEM56_Course,STAT11_Course,CPSC31_Course,CHEM58_Lab,CPSC31_Lab,,
Student 408,Class of 2027,MATH63_Course,GREK11_Course,LATN13_Course,,,,,
Student 409,Class of 2025,LING100_Seminar,LING40_Course,LING25_Course,PEAC45_Course,,,,
Student 410,Class of 2026,CHEM10_Course,,ENGR65_Course,ENGR59_Course,ENGR59_Lab,CHEM10_Lab,,
Student 411,Class of 2025,HIST116B_Seminar,HIST91_Seminar,LING11_Course,LING11_Course,,,,
Student 412,Class of 2025,JPNS1_Course,CHEM32_Course,PSYC130_Seminar,,JPNS1_Course,CHEM32_Lab,,
Student 413,Class of 2025,,ARTT005A_Course,BIOL115E_Seminar,,,,,
Student 414,Class of 2027,CPSC21_Course,HIST29_Course,SOCI025C_Course,,CPSC21_Lab,,,
Student 415,Class of 2025,CPSC43_Course,MATH69_Course,,,,,,
Student 416,Class of 2026,EDUC21_Course,EDUC126_Seminar,EDUC54_Course,LING15_Course,,,,
Student 417,Class of 2026,HIST116B_Seminar,ENGL28_Course,MATH15_Course,HIST89_Course,,,,
Student 418,Class of 2027,CPSC41_Course,ENGR11_Course,MATH34_Course,PHYS003L_Course,CPSC41_Lab,ENGR11_Lab,PHYS003L_Lab,ENGR11_Lab
Student 419,Class of 2025,CPSC41_Course,RELG53_Course,LING40_Course,,CPSC41_Lab,,,
Student 420,Class of 2026,PHYS112_Course,PHYS107_Course,PHIL102A_Seminar,PHIL102B_Seminar,,,,
Student 421,Class of 2026,MATH102_Seminar,PHIL79_Course,MATH69_Course,MATH65_Course,,,,
Student 422,Class of 2026,ANTH043E_Course,BIOL20_Course,PHYS003L_Course,PSYC130_Seminar,BIOL20_Lab,PHYS003L_Lab,,
Student 423,Class of 2027,STAT11_Course,COGS1_Course,,,,,,
Student 424,Class of 2027,ENGR59_Course,ENGR11_Course,MATH34_Course,PHYS5_Course,ENGR11_Lab,ENGR59_Lab,,
Student 425,Class of 2027,ANTH043E_Course,BIOL1_Course,POLS2_Course,SOAN020B_Course,BIOL1_Lab,,,
Student 426,Class of 2027,STAT11_Course,SPAN88_Course,PSYC25_Course,,,,,
Student 427,Class of 2027,JPNS1_Course,SPAN4_Course,,,,,,
Student 428,Class of 2025,BIOL9_Course,POLS102_Seminar,,,,,,
Student 429,Class of 2026,STAT11_Course,PSYC25_Course,PSYC138C_Seminar,LING53_Course,,,,
Student 430,Class of 2026,ECON35_Course,PSYC38_Course,,PSYC34_Course,,,,
Student 431,Class of 2027,CHEM10_Course,PSYC1_Course,STAT11_Course,,CHEM10_Lab,,,
Student 432,Class of 2027,ECON11_Course,ECON22_Course,SOCI1_Course,POLS46_Course,,,,
Student 433,Class of 2025,PHYS112_Course,MATH66_Course,,,,,,
Student 434,Class of 2026,CHEM42_Course,CHEM56_Course,ENGR41_Course,,CHEM42_Lab,ENGR41_Lab,,
Student 435,Class of 2027,ENGL101_Seminar,ENGL78_Course,ENGL070E_Lab,,,,,
Student 436,Class of 2025,FMST11_Course,MATH65_Course,MATH69_Course,FMST46_Course,,,,
Student 437,Class of 2026,FMST15_Course,BIOL9_Course,FMST82_Seminar,,,,,
Student 438,Class of 2027,CHEM32_Course,ENGR21_Course,BIOL1_Course,MATH27_Course,BIOL1_Lab,CHEM32_Lab,ENGR21_Lab,
Student 439,Class of 2027,ECON35_Course,MATH27_Course,,,,,,
Student 440,Class of 2025,DANC025A_Course,STAT11_Course,,,,,,
Student 441,Class of 2027,ECON35_Course,MATH27_Course,MUSI003A_Course,MUSI11_Course,,,,
Student 442,Class of 2027,ECON11_Course,PHIL012A_Course,RELG23_Course,POLS38_Course,,,,
Student 443,Class of 2025,MATH66_Course,ECON22_Course,,,,,,
Student 444,Class of 2027,ECON11_Course,MATH66_Course,MATH39_Course,MATH63_Course,,,,
Student 445,Class of 2025,MATH65_Course,PHYS107_Course,,,,,,
Student 446,Class of 2025,BLST15_Course,SOCI148_Seminar,SOCI045C_Course,,,,,
Student 447,Class of 2026,ECON31_Course,ECON46_Course,EDUC68_Course,,,,,
Student 448,Class of 2025,MATH65_Course,MATH102_Seminar,MATH66_Course,,,,,
Student 449,Class of 2027,CPSC35_Course,PSYC25_Course,MATH34_Course,STAT61_Course,CPSC35_Lab,,,
Student 450,Class of 2025,PSYC38_Course,ENGL80_Course,PHYS003L_Course,,PHYS003L_Lab,,,
Student 451,Class of 2026,BIOL14_Course,CHEM32_Course,STAT61_Course,PSYC1_Course,BIOL14_Lab,CHEM32_Lab,,
Student 452,Class of 2026,CHEM10_Course,PSYC25_Course,PHYS003L_Course,FREN1_Course,CHEM10_Lab,PHYS003L_Lab,,
Student 453,Class of 2027,PHYS7_Course,MATH27_Course,CPSC31_Course,,PHYS7_Lab,CPSC35_Lab,,
Student 454,Class of 2027,ENGR11_Course,MATH34_Course,PHYS3_Course,BIOL9_Course,ENGR11_Lab,ENGR11_Lab,PHYS3_Lab,
Student 455,Class of 2026,BIOL1_Course,BIOL37_Course,,,BIOL1_Lab,BIOL37_Lab,,
Student 456,Class of 2025,MATH69_Course,CPSC82_Course,,,,,,
Student 457,Class of 2026,RELG114_Seminar,SPAN4_Course,ENVS089A_Course,POLS12_Course,ENVS63_Lab,,,
Student 458,Class of 2026,EDUC53_Course,MUSI005A_Course,PHYS107_Course,,,,,
Student 459,Class of 2027,CPSC35_Course,STAT21_Course,ECON1_Course,POLS4_Course,CPSC35_Lab,,,
Student 460,Class of 2026,CPSC41_Course,CPSC43_Course,RELG29_Course,BLST50_Course,CPSC41_Lab,CPSC43_Lab,,
Student 461,Class of 2027,CPSC31_Course,MATH27_Course,ECON22_Course,,CPSC31_Lab,,,
Student 462,Class of 2027,ENGL20_Course,ENGL67_Course,PEAC53_Course,RELG23_Course,,,,
Student 463,Class of 2026,CHEM42_Course,MATH63_Course,MATH44_Course,,CHEM42_Lab,,,
Student 464,Class of 2026,CPSC66_Course,,ARTT005A_Course,,CPSC66_Lab,,,
Student 465,Class of 2026,MUSI22_Course,,MATH15_Course,MUSI005A_Course,,,,
Student 466,Class of 2026,CPSC21_Course,CHEM32_Course,,,CPSC21_Lab,CHEM32_Lab,,
Student 467,Class of 2027,ENGR11_Course,CHEM10_Course,CHEM10_Course,,CHEM10_Lab,ENGR11_Lab,ENGR11_Lab,
Student 468,Class of 2026,CPSC21_Course,CHEM42_Course,CHEM32_Course,,CHEM42_Lab,,,
Student 469,Class of 2027,CHEM32_Course,BIOL1_Course,SPAN002B_Course,PHYS003L_Course,CHEM32_Lab,BIOL1_Lab,PHYS003L_Lab,
Student 470,Class of 2025,SOCI048L_Course,ANTH072C_Course,SPAN69_Course,,,,,
Student 471,Class of 2027,PSYC25_Course,ECON31_Course,ASTR1_Course,,ASTR1_Lab,,,
Student 472,Class of 2026,PHYS003L_Course,PSYC130_Seminar,CPSC31_Course,PSYC43_Course,CPSC31_Lab,PHYS003L_Lab,,
Student 473,Class of 2026,ECON31_Course,ECON84_Course,SOCI148_Seminar,,,,,
Student 474,Class of 2027,ENGR11_Course,MATH44_Course,ENGR59_Course,PHYS3_Course,ENGR11_Lab,ENGR59_Lab,ENGR11_Lab,PHYS3_Lab
Student 475,Class of 2027,EDUC45_Course,EDUC53_Course,ASTR1_Course,,ASTR1_Lab,,,
Student 476,Class of 2025,PSYC38_Course,,,,,,,
Student 477,Class of 2027,FMST82_Seminar,ENVS15_Course,ARTT006K_Course,BIOL20_Course,,,,
Student 478,Class of 2026,BIOL1_Course,PHYS003L_Course,CHEM48_Course,STAT11_Course,PHYS003L_Lab,,BIOL1_Lab,
Student 479,Class of 2025,CPSC43_Course,CPSC66_Course,MATH33_Course,MATH69_Course,CPSC43_Lab,CPSC66_Lab,,
Student 480,Class of 2025,CPSC41_Course,CPSC091T_Course,,,CPSC41_Lab,CPSC091T_Lab,,
Student 481,Class of 2025,PSYC130_Seminar,BIOL20_Course,ENGL052B_Course,,,,,
Student 482,Class of 2025,BIOL20_Course,CPSC21_Course,MATH66_Course,PSYC18_Course,BIOL20_Lab,CPSC21_Lab,,
Student 483,Class of 2025,POLS73_Course,SPAN88_Course,,,,,,
Student 484,Class of 2027,ENGR11_Course,MATH34_Course,CHEM10_Course,,ENGR11_Lab,ENGR11_Lab,CHEM10_Lab,
Student 485,Class of 2026,PHYS107_Course,CHEM56_Course,PHYS112_Course,PHYS132_Seminar,,,,
Student 486,Class of 2025,ECON22_Course,ECON33_Course,SPAN108_Seminar,,,,,
Student 487,Class of 2026,ECON35_Course,CPSC31_Course,CPSC41_Course,MATH63_Course,CPSC31_Lab,CPSC41_Lab,,
Student 488,Class of 2026,,FMST57_Course,FMST82_Seminar,PSYC37_Course,,,,
Student 489,Class of 2027,CPSC41_Course,ECON11_Course,LING11_Course,MATH34_Course,CPSC41_Lab,,,
Student 490,Class of 2025,CHIN1_Course,JPNS3_Course,POLS12_Course,,,,,
Student 491,Class of 2027,PHIL101A_Seminar,PHIL012B_Course,PSYC38_Course,JPNS3_Course,,,,
Student 492,Class of 2025,PHYS107_Course,MUSI005A_Course,MUSI22_Course,,,,,
Student 493,Class of 2027,ENGR59_Course,,ENGR28_Course,SPAN1_Course,,ENGR59_Lab,,
Student 494,Class of 2025,CPSC66_Course,MATH65_Course,MATH102_Seminar,ECON11_Course,,,,
Student 495,Class of 2027,BIOL1_Course,COGS1_Course,MATH63_Course,FREN3_Course,BIOL1_Lab,,,
Student 496,Class of 2025,PHIL012A_Course,,MATH65_Course,,,,,
Student 497,Class of 2025,CHEM42_Course,PSYC1_Course,MATH66_Course,FREN44_Course,CHEM42_Lab,,,
Student 498,Class of 2026,STAT21_Course,PSYC39_Course,CPSC43_Course,,CPSC43_Lab,,,
Student 499,Class of 2026,ENGL36_Course,,,FMST1_Course,,,,
Student 500,Class of 2027,STAT11_Course,PSYC031A_Course,LING34_Course,,,,,
Student 501,Class of 2027,BIOL36_Course,ECON31_Course,MATH63_Course,,BIOL36_Lab,,,
Student 502,Class of 2025,,,,,,,,
Student 503,Class of 2026,MATH69_Course,MATH34_Course,CPSC41_Course,CPSC66_Course,CPSC66_Lab,CPSC41_Lab,,
Student 504,Class of 2026,CHEM48_Course,CHEM42_Course,BIOL14_Course,,CHEM42_Lab,BIOL14_Lab,,
Student 505,Class of 2027,CPSC31_Course,MATH34_Course,,,CPSC31_Lab,,,
Student 506,Class of 2025,CPSC41_Course,BIOL49_Course,,STAT61_Course,CPSC41_Lab,,,
Student 507,Class of 2026,ECON11_Course,ENVS10_Course,PHIL34_Course,POLS73_Course,,,,
Student 508,Class of 2026,PHYS003L_Course,BIOL37_Course,MATH15_Course,STAT11_Course,PHYS003L_Lab,BIOL37_Lab,,
Student 509,Class of 2027,MATH34_Course,ECON11_Course,ECON11_Course,,,,,
Student 510,Class of 2026,BIOL14_Course,CHEM32_Course,ENGL20_Course,PHYS003L_Course,BIOL14_Lab,CHEM32_Lab,PHYS003L_Lab,
Student 511,Class of 2026,CPSC66_Course,CPSC82_Course,CPSC43_Course,CHIN11_Course,CPSC46_Lab,CPSC66_Lab,,
Student 512,Class of 2027,POLS73_Course,HIST35_Course,STAT11_Course,SPAN1_Course,,,,
Student 513,Class of 2027,EDUC14_Course,BIOL37_Course,STAT11_Course,SOCI036E_Course,BIOL37_Lab,,,
Student 514,Class of 2025,HIST69_Course,MUSI005A_Course,PSYC108_Lab,,,,,
Student 515,Class of 2025,LING68_Course,LING52_Course,PHYS132_Seminar,LING80_Course,,,,
Student 516,Class of 2026,LING80_Course,PSYC131_Seminar,LING45_Course,PHIL012A_Course,,,,
Student 517,Class of 2026,CPSC43_Course,MATH63_Course,PHYS3_Course,,CPSC43_Lab,PHYS3_Lab,,
Student 518,Class of 2027,MATH27_Course,CPSC31_Course,FMST1_Course,,CPSC31_Lab,,,
Student 519,Class of 2027,ECON31_Course,ECON76_Course,HIST69_Course,ASTR1_Course,ASTR1_Lab,,,
Student 520,Class of 2026,HIST29_Course,ANTH122_Seminar,ANTH122_Seminar,SOCI1_Course,,,,
Student 521,Class of 2027,BIOL1_Course,CHEM10_Course,,,BIOL1_Lab,CHEM10_Lab,,
Student 522,Class of 2025,ENGL67_Course,ENVS25_Course,HIST50_Course,POLS82_Course,,,,
Student 523,Class of 2026,SOCI1_Course,ANTH122_Seminar,MATH69_Course,STAT61_Course,,,,
Student 524,Class of 2026,ENVS63_Course,ARTH5_Course,PSYC1_Course,,ENVS63_Lab,,,
Student 525,Class of 2025,HIST69_Course,SPAN108_Seminar,PEAC45_Course,,,,,
Student 526,Class of 2025,PHIL012A_Course,DANC025A_Course,CPSC41_Course,,CPSC41_Lab,,,
Student 527,Class of 2026,ENGR28_Course,ENGR41_Course,MATH44_Course,ENGR76_Course,,ENGR41_Lab,,
Student 528,Class of 2025,STAT61_Course,CPSC091S_Course,CPSC66_Course,MATH69_Course,CPSC091S_Lab,CPSC66_Lab,,
Student 529,Class of 2026,CHEM42_Course,MATH33_Course,,,CHEM42_Lab,,,
Student 530,Class of 2027,ENGR11_Course,MATH27_Course,ENGR59_Course,,ENGR11_Lab,ENGR59_Lab,,
Student 531,Class of 2026,MATH63_Course,ENGR41_Course,CHEM10_Course,,ENGR41_Lab,,,CHEM10_Lab
Student 532,Class of 2025,SPAN108_Seminar,PHYS3_Course,CHEM32_Course,PSYC18_Course,CHEM32_Lab,PHYS3_Lab,,
Student 533,Class of 2025,POLS12_Course,,,,,,,
Student 534,Class of 2027,POLS12_Course,FMST15_Course,FMST57_Course,DANC20_Course,,,,
Student 535,Class of 2025,STAT61_Course,ECON22_Course,CPSC35_Course,CHEM10_Course,CPSC35_Lab,CHEM10_Lab,,
Student 536,Class of 2026,ANTH020J_Course,ENGL80_Course,CHEM48_Course,ENVS10_Course,CHEM58_Lab,,,
Student 537,Class of 2026,ECON35_Course,STAT61_Course,MATH69_Course,ECON122_Seminar,,,,
Student 538,Class of 2027,ENGR21_Course,PHYS5_Course,ENGR51_Course,SPAN4_Course,ENGR21_Lab,,,
Student 539,Class of 2026,ECON22_Course,PSYC138C_Seminar,PSYC34_Course,,,,,
Student 540,Class of 2026,ENVS9_Course,STAT11_Course,,,,,,
Student 541,Class of 2026,,RUSS14_Course,ECON76_Course,ECON84_Course,,,,
Student 542,Class of 2027,CPSC31_Course,LING45_Course,MATH15_Course,STAT21_Course,CPSC31_Lab,,,
Student 543,Class of 2027,POLS12_Course,ASTR1_Course,,,ASTR1_Lab,,,
Student 544,Class of 2025,,ENGL80_Course,CPSC82_Course,ENGL92_Course,,,,
Student 545,Class of 2025,CPSC66_Course,CLST30_Course,MATH63_Course,,,,,
Student 546,Class of 2027,ASTR16_Course,MATH27_Course,PHYS7_Course,,ASTR16_Lab,PHYS7_Lab,,
Student 547,Class of 2025,STAT11_Course,PSYC25_Course,PSYC37_Course,MUSI002B_Course,,,,
Student 548,Class of 2027,ECON33_Course,ECON35_Course,ECON11_Course,ECON22_Course,,,,
Student 549,Class of 2027,EDUC45_Course,EDUC21_Course,ENGL80_Course,,,,,
Student 550,Class of 2027,CPSC31_Course,ECON11_Course,ECON11_Course,,CPSC31_Lab,,,
Student 551,Class of 2026,PHIL101A_Seminar,MATH34_Course,CHIN37_Course,,,,,
Student 552,Class of 2026,CHEM10_Course,PHYS003L_Course,MATH15_Course,JPNS3_Course,CHEM10_Lab,PHYS003L_Lab,JPNS3_Course,
Student 553,Class of 2025,BIOL20_Course,CPSC43_Course,,,BIOL20_Lab,,,
Student 554,Class of 2027,CHEM32_Course,BIOL1_Course,CHIN3_Course,,CHEM32_Lab,BIOL1_Lab,,
Student 555,Class of 2026,POLS103_Seminar,ENGL001C_Course,,,,,,
Student 556,Class of 2027,,MATH34_Course,,,,,,
Student 557,Class of 2025,LING40_Course,,CPSC091S_Course,LING100_Seminar,CPSC091S_Lab,,,
Student 558,Class of 2026,CPSC35_Course,ENGL55_Course,MATH39_Course,,CPSC35_Lab,,,
Student 559,Class of 2025,POLS103_Seminar,JPNS3_Course,,,,,,